Ticker,Sector,Sub Industry,Name,Price,Dividend Yield,Market Cap ($M),Forward P/E Ratio,Payout Ratio,Beta
A,Health Care,Health Care Equipment,"Agilent Technologies, Inc.",74.56,0.009055383371513,22979.20071,30.44,0.274330502939255,0.960773450174766
AAL,Industrials,Airlines,"American Airlines Group, Inc.",9.81,0.037593984962406,4499.6028,-5.28,-0.215088455127171,1.2984701750289
AAP,Consumer Discretionary,Automotive Retail,"Advance Auto Parts, Inc.",120.11,0.002058495582811,8055.08651,17.49,0.0349507776548028,0.997614051082865
AAPL,Information Technology,"Technology Hardware, Storage & Peripherals","Apple, Inc.",293.54,0.010654858684747,1264820.0036,22.79,0.239474400342106,1.16062090090737
ABBV,Health Care,Pharmaceuticals,"AbbVie, Inc.",81.86,0.054321583775953,122327.3428,N/A,N/A,0.790977084663845
ABC,Health Care,Health Care Distributors,AmerisourceBergen Corp.,86.42,0.01852280620514,17784.95096,27.71,0.513067179733846,0.951117720941735
ABMD,Health Care,Health Care Equipment,"ABIOMED, Inc.",180.66,N/A,8258.646363,40.27,N/A,0.623440681301912
ABT,Health Care,Health Care Equipment,Abbott Laboratories,89.83,0.01513633834168,158931.1725,44.51,0.673934588701685,0.919139112037132
ACN,Information Technology,IT Consulting & Other Services,Accenture Plc,179.53,0.016991504247876,114722.19243,23,0.39206139732732,1.06425480942108
ADBE,Information Technology,Application Software,"Adobe, Inc.",349.41,N/A,165662.45584,52.32,N/A,1.15025709639499
ADI,Information Technology,Semiconductors,"Analog Devices, Inc.",103.46,0.020841373986877,38162.3208,31.57,0.659582264565775,1.27178516741797
ADM,Consumer Staples,Agricultural Products,Archer-Daniels-Midland Co.,34.76,0.040148063781321,19569.14496,12.69,0.514692462128126,0.992595651160061
ADP,Information Technology,Internet Services & Infrastructure,"Automatic Data Processing, Inc.",144.52,0.024213075060532,60352.516,24.63,0.579700260865117,1.17228480536312
ADS,Information Technology,Data Processing & Outsourced Services,Alliance Data Systems Corp.,46.34,0.054333764553686,2208.94026,-6.09,-0.331448112587137,1.5257401881237
ADSK,Information Technology,Application Software,"Autodesk, Inc.",177.7,N/A,38394.2229,182.25,N/A,1.187293439349
AEE,Utilities,Multi-Utilities,Ameren Corp.,71.44,0.026871938418474,17629.35865,21.19,0.569547032126012,0.932827634559625
AEP,Utilities,Electric Utilities,"American Electric Power Co., Inc.",83.05,0.033296473768276,40274.45787,21.34,0.696335885708413,0.743164084474813
AES,Utilities,Independent Power Producers & Energy Traders,The AES Corp.,12.81,0.042720247295208,8602.09792,28.14,1.21441124780316,1.14238246140617
AFL,Financials,Life & Health Insurance,"Aflac, Inc.",35.75,0.029765155652648,26275.14296,8.95,0.272745470923831,1.2151865843811
AGN,Health Care,Pharmaceuticals,Allergan Plc,188.7,0.015600295140718,62569.80084,-11.81,-0.185187502346125,0.494133253364218
AIG,Financials,Property & Casualty Insurance,"American International Group, Inc.",24.07,0.053556485355648,20584.831,6.34,0.336957380156369,1.47410467939124
AIV,Real Estate,Residential REITs,Apartment Investment & Management Co.,36.41,0.043108421094008,5431.4771,11.4,0.49225503077791,1.12769441620615
AIZ,Financials,Multi-line Insurance,"Assurant, Inc.",100,0.023749022673964,6121.171216,17.06,0.414633313995154,1.00534316983691
AJG,Financials,Insurance Brokers,Arthur J. Gallagher & Co.,80.14,0.022448716294671,14695.896,22.09,0.479655970889845,0.982346408214436
AKAM,Information Technology,Internet Services & Infrastructure,"Akamai Technologies, Inc.",97.63,N/A,15529.32,32.05,N/A,0.651487833266745
ALB,Materials,Specialty Chemicals,Albemarle Corp.,57.26,0.025591922005571,6106.96336,11.38,0.292066519639983,1.18497596440851
ALGN,Health Care,Health Care Supplies,"Align Technology, Inc.",210.19,N/A,16008.55434,8.76,N/A,1.38730872551109
ALK,Industrials,Airlines,"Alaska Air Group, Inc.",28.77,0.046496180670873,3691.03435,4.61,0.224456094784602,1.34805889152041
ALL,Financials,Property & Casualty Insurance,The Allstate Corp.,100.34,0.020052135552436,31558.2347,7.02,0.1399031869946,1.06733512960014
ALLE,Industrials,Building Products,Allegion Plc,94.76,0.011592121460812,8989.625096,27.48,0.327659697857163,1.04789967315975
ALXN,Health Care,Biotechnology,"Alexion Pharmaceuticals, Inc.",103.93,N/A,23078.411,9.62,N/A,0.801579670781016
AMAT,Information Technology,Semiconductor Equipment,"Applied Materials, Inc.",47.56,0.01791426743442,43059.32145,15.56,0.274770207058977,1.53264522907562
AMCR,Materials,Paper Packaging,Amcor Plc,8.69,0.040322580645161,13923.154,27.65,1.11358574610245,0.095869655321007
AMD,Information Technology,Semiconductors,"Advanced Micro Devices, Inc.",52.59,N/A,58418.9572,122.43,N/A,1.31493995716023
AME,Industrials,Electrical Components & Equipment,"AMETEK, Inc.",79.67,0.006957386010684,18447.5031,21.07,0.148097215243435,1.24239220484098
AMGN,Health Care,Biotechnology,"Amgen, Inc.",230.865,0.025759806043813,135761.49774,17.98,0.463384811881342,0.835109986377273
AMP,Financials,Asset Management & Custody Banks,"Ameriprise Financial, Inc.",113.06,0.034244112888729,13681.53094,8,0.269427413708976,1.87817374436079
AMT,Real Estate,Specialized REITs,American Tower Corp.,236.63,0.016908625106746,103822.2652,54.99,0.920245398773006,0.95921577599703
AMZN,Consumer Discretionary,Internet & Direct Marketing Retail,"Amazon.com, Inc.",2315.66,N/A,1139648.091,108.66,N/A,0.678605537927143
ANET,Information Technology,Communications Equipment,"Arista Networks, Inc.",211,N/A,15709.772468,18.73,N/A,1.07086709513275
ANSS,Information Technology,Application Software,"ANSYS, Inc.",258.845,N/A,21963.05496,48.37,N/A,1.17241581984006
ANTM,Health Care,Managed Health Care,"Anthem, Inc.",271,0.012427198872278,67962.91012,14.42,0.17822277314635,1.25208282723695
AON,Financials,Insurance Brokers,Aon Plc,177.68,0.002468997250434,41181.12322,25.42,0.0629371629643404,0.846527698725828
AOS,Industrials,Building Products,A. O. Smith Corp.,41.98,0.021608643457382,5662.734,18.76,0.402180713200465,0.690409376941755
APA,Energy,Oil & Gas Exploration & Production,Apache Corp.,12.06,0.088652482269503,4257.27504,-1.28,-0.106104173077127,1.84937017121872
APD,Materials,Industrial Gases,"Air Products & Chemicals, Inc.",223.35,0.021687289088863,49085.02375,25.19,0.543545677007567,1.0777571927975
APH,Information Technology,Electronic Components,Amphenol Corp.,83.92,0.011461988304093,25298.937,22.08,0.257799757983901,1.05872935672241
APTV,Consumer Discretionary,Auto Parts & Equipment,Aptiv Plc,64.27,0.01338403041825,16780.64925,16.67,0.228298656151092,1.43130883729207
ARE,Real Estate,Office REITs,"Alexandria Real Estate Equities, Inc.",149.58,0.026889197960129,19054.18305,70.29,1.90780508434754,1.03563241261173
ARNC,Industrials,Aerospace & Defense,Arconic Corp.,8.88,0.009356725146198,932.12955,N/A,N/A,0.466794526846461
ATO,Utilities,Gas Utilities,Atmos Energy Corp.,100.75,0.021478521478521,12242.9307,22.54,0.480941302791697,0.885486825088816
ATVI,Communication Services,Interactive Home Entertainment,"Activision Blizzard, Inc.",66.71,0.005716934487021,49858.28168,33.95,0.188333503003156,0.720114006871459
AVB,Real Estate,Residential REITs,"AvalonBay Communities, Inc.",158.16,0.038374147942438,22298.0534,28.05,1.07826272013053,1.0192585501215
AVGO,Information Technology,Semiconductors,"Broadcom, Inc.",262.31,0.043126684636118,103825.7227,41.11,1.75578861559203,1.31752775740917
AVY,Materials,Paper Packaging,Avery Dennison Corp.,106.92,0.021467567317479,9001.79872,15.31,0.332244944721315,1.07495019234303
AWK,Utilities,Water Utilities,"American Water Works Co., Inc.",121.46,0.016778523489932,21577.584,35.44,0.583532707008228,0.885962531979789
AXP,Financials,Consumer Finance,American Express Co.,86.38,0.019021739130434,71095.12704,13.06,0.253975932756848,1.4751449653222
AZO,Consumer Discretionary,Specialty Stores,"AutoZone, Inc.",1009.94,N/A,23222.3964,15.1,N/A,0.957894293672777
BA,Industrials,Aerospace & Defense,The Boeing Co.,131.46,0.061633050910999,75264.02525,-21.73,-1.35872260240008,1.58116851782735
BAC,Financials,Diversified Banks,Bank of America Corp.,22.93,0.029896013864818,200230.3092,9.31,0.280123416693732,1.43553972908585
BAX,Health Care,Health Care Equipment,"Baxter International, Inc.",87.27,0.010018214936247,44696.15424,43.55,0.439121756487026,0.828200786262003
BBY,Consumer Discretionary,Computer & Electronics Retail,"Best Buy Co., Inc.",74.36,0.027677830058123,18607.16678,12.68,0.341110656296903,1.25342713683704
BDX,Health Care,Health Care Equipment,"Becton, Dickinson & Co.",255.27,0.012307936633977,71247.72625,92.65,1.12510434435452,0.676490642315363
BEN,Financials,Asset Management & Custody Banks,"Franklin Resources, Inc.",18.33,0.058790904048807,8930.36718,9.38,0.54261581776299,1.08231566647158
BF.B,Consumer Staples,Distillers & Vintners,Brown-Forman Corp.,62.03,0.011017699115044,29176.1028,34.52,0.374186007680748,0.861995172468364
BIIB,Health Care,Biotechnology,"Biogen, Inc.",296.63,N/A,47828.47783,9.14,N/A,0.87036419855047
BK,Financials,Asset Management & Custody Banks,The Bank of New York Mellon Corp.,35.54,0.033611111111111,31861.836,7.63,0.259634366148828,1.11271466330433
BKNG,Consumer Discretionary,Internet & Direct Marketing Retail,"Booking Holdings, Inc.",1412.915,N/A,59299.264458,12.43,N/A,1.05122097996708
BKR,Energy,Oil & Gas Equipment & Services,Baker Hughes Co.,13.97,0.052554744525547,14138.8795,-0.9,-0.0465245513934749,1.44296609877133
BLK,Financials,Asset Management & Custody Banks,"BlackRock, Inc.",481.51,0.027945307336417,75086.43776,17.68,0.496675978576489,1.28354503808647
BLL,Materials,Metal & Glass Containers,Ball Corp.,66.15,0.008382868465172,21374.75385,38.72,0.32197634937361,0.792523234788115
BMY,Health Care,Health Care Distributors,Bristol-Myers Squibb Co.,60.17,0.027879190175904,136335.8396,27.35,0.763532245602872,0.638354126891243
BR,Information Technology,Data Processing & Outsourced Services,"Broadridge Financial Solutions, Inc.",113.85,0.018131965328144,12979.62718,31.16,0.561044363556747,0.854474273284692
BRK.B,Financials,Multi-Sector Holdings,"Berkshire Hathaway, Inc.",177.95,N/A,444043.3695,5.35,N/A,0.923232308701658
BSX,Health Care,Health Care Equipment,Boston Scientific Corp.,35.83,N/A,50357.208,11.65,N/A,1.02381754341702
BWA,Consumer Discretionary,Auto Parts & Equipment,"BorgWarner, Inc.",27.02,0.025036818851251,5614.08064,7.46,0.187751946545916,1.0087734065376
BXP,Real Estate,Office REITs,"Boston Properties, Inc.",89.67,0.041536640482083,14433.42295,15.25,0.656473749553564,1.09144424947071
C,Financials,Diversified Banks,"Citigroup, Inc.",45.12,0.043497363796133,94772.64,6.22,0.273103448275862,1.61815123004036
CAG,Consumer Staples,Packaged Foods & Meats,"Conagra Brands, Inc.",33.42,0.025540865384615,16209.88928,21.27,0.541056651814131,0.428670131304486
CAH,Health Care,Health Care Distributors,"Cardinal Health, Inc.",47.02,0.0404808097849,13836.39728,-3.3,-0.134891467039569,0.940455813340678
CARR,Industrials,Building Products,Carrier Global Corp.,16.4,N/A,14525.48643,N/A,N/A,-1.75046616971297
CAT,Industrials,Construction Machinery & Heavy Trucks,"Caterpillar, Inc.",107.72,0.035624098124098,60012.58032,11.31,0.414567590260285,1.01984764096332
CB,Financials,Property & Casualty Insurance,Chubb Ltd.,99.34,0.029530465597007,45853.35763,12.31,0.371903900032232,1.02860065347634
CBOE,Financials,Financial Exchanges & Data,"Cboe Global Markets, Inc.",94.45,0.014785661099882,10314.7772,24.04,0.353734571828477,0.7712663164924
CBRE,Real Estate,Real Estate Services,"CBRE Group, Inc.",39.39,N/A,13346.9415,10.3,N/A,1.2694498191412
CCI,Real Estate,Specialized REITs,Crown Castle International Corp.,157.73,0.029729556933699,65183.71109,82.12,2.42099234654032,0.924349328269162
CCL,Consumer Discretionary,"Hotels, Resorts & Cruise Lines",Carnival Corp.,14.34,0.143575017946877,7350.28987,5.29,0.737762366741673,1.81899640936226
CDNS,Information Technology,Application Software,"Cadence Design Systems, Inc.",77.6,N/A,21173.54208,21.38,N/A,1.20251323839638
CDW,Information Technology,Technology Distributors,CDW Corp.,108.16,0.011842351619546,15195.99956,21.3,0.249079488845571,1.19624246824838
CE,Materials,Specialty Chemicals,Celanese Corp.,77.84,0.031269701172613,9376.74199,12.98,0.413533207717063,1.25185227513368
CERN,Health Care,Health Care Technology,Cerner Corp.,67.11,0.010792984560035,20303.12179,41.16,0.441934691873312,0.6359969446978
CF,Materials,Fertilizers & Agricultural Chemicals,"CF Industries Holdings, Inc.",26.28,0.045095828635851,5689.13817,11.77,0.537513997760358,1.2100985732027
CFG,Financials,Regional Banks,"Citizens Financial Group, Inc. (Rhode Island)",21.2,0.066760037348272,9137.49354,7.24,0.488204567956027,1.5796351271847
CHD,Consumer Staples,Household Products,"Church & Dwight Co., Inc.",71.93,0.012952822240943,17512.49946,26.41,0.338681254130259,0.5350513909416
CHRW,Industrials,Air Freight & Logistics,"C.H. Robinson Worldwide, Inc.",69.92,0.0285189891289,9302.8122,19.34,0.558643767803313,0.500493255918149
CHTR,Communication Services,Cable & Satellite,"Charter Communications, Inc.",515.74,N/A,107012.16915,61.08,N/A,0.77264369401457
CI,Health Care,Managed Health Care,Cigna Corp.,184.61,0.000213800844513,69582.5128,N/A,N/A,1.2538420526699
CINF,Financials,Property & Casualty Insurance,Cincinnati Financial Corp.,60.135,0.03740771123872,9800.8819,141.88,5.37862703467799,1.19422587139019
CL,Consumer Staples,Household Products,Colgate-Palmolive Co.,69.48,0.025244418502845,58760.84291,23.65,0.588815901432899,0.719563472090341
CLX,Consumer Staples,Household Products,The Clorox Co.,199.27,0.022001971874837,24108.021,28.84,0.613718934097587,0.334387376472181
CMA,Financials,Diversified Banks,"Comerica, Inc.",32.15,0.081937252512945,4564.51905,6.02,0.503292920221524,1.43348070972198
CMCSA,Communication Services,Cable & Satellite,Comcast Corp.,36.225,0.023255813953488,168782.428788,14.15,0.336029383034423,0.918021352018803
CME,Financials,Financial Exchanges & Data,"CME Group, Inc.",172.61,0.017852001151742,62249.3574,25.85,0.464315135175616,0.978681575614573
CMG,Consumer Discretionary,Restaurants,"Chipotle Mexican Grill, Inc.",875,N/A,24402.131244,71.78,N/A,0.90880884958726
CMI,Industrials,Industrial Machinery,"Cummins, Inc.",153.96,0.032223845518643,23225.01818,11.25,0.37080622761494,1.00425012261452
CMS,Utilities,Multi-Utilities,CMS Energy Corp.,56.74,0.027792672028596,16014.06495,22.61,0.619694735583629,0.798889129864019
CNC,Health Care,Managed Health Care,Centene Corp.,65.86,N/A,37626.01113,32.66,N/A,1.17449453359505
CNP,Utilities,Multi-Utilities,"CenterPoint Energy, Inc.",16.36,0.069866342648845,8273.0429,12.19,0.856674612634088,1.29324596675204
COF,Financials,Consumer Finance,Capital One Financial Corp.,61.59,0.025982461838259,28037.374,12.04,0.312707657428761,1.61421813893236
COG,Energy,Oil & Gas Exploration & Production,Cabot Oil & Gas Corp.,20.26,0.018793273986152,8059.1865,17.67,0.331472435450105,0.801880559003862
COO,Health Care,Health Care Supplies,"The Cooper Cos., Inc.",287.09,0.000214048731761,14949.044424,31.25,0.00653082549634274,0.883938553919346
COP,Energy,Oil & Gas Exploration & Production,ConocoPhillips,40.36,0.037046499744506,42148.3004,12.56,0.451193328562093,1.4237561557781
COST,Consumer Staples,Hypermarkets & Super Centers,Costco Wholesale Corp.,304.72,0.008611552729199,133321.8336,35.52,0.303337883401584,0.651440798654217
COTY,Consumer Staples,Personal Products,"Coty, Inc.",5.33,0.096525096525096,3940.18772,-1.44,-0.135189941868325,1.2853109872715
CPB,Consumer Staples,Packaged Foods & Meats,Campbell Soup Co.,50.78,0.02777226740726,15210.96545,30.12,0.830515512843329,0.403760567398662
CPRI,Consumer Discretionary,"Apparel, Accessories & Luxury Goods",Capri Holdings Ltd.,13.88,N/A,2085.1354,6.03,N/A,1.68154920294018
CPRT,Industrials,Diversified Support Services,"Copart, Inc.",77.99,N/A,18357.52775,24.5,N/A,1.02126251506341
CRM,Information Technology,Application Software,"salesforce.com, inc.",161.47,N/A,139951.15,725.06,N/A,1.0504365461962
CSCO,Information Technology,Communications Equipment,"Cisco Systems, Inc.",41.395,0.034213098729227,173536.8096,15.98,0.540874671611806,1.05736920681208
CSX,Industrials,Railroads,CSX Corp.,63.64,0.015076923076923,49755.29,15.35,0.236047883999326,1.20187276592364
CTAS,Industrials,Diversified Support Services,Cintas Corp.,209.62,0.009678485435059,22038.8305,22.98,0.224701858996843,1.19691261695217
CTL,Communication Services,Alternative Carriers,"CenturyLink, Inc.",10.03,0.098328416912487,11165.643,-2.03,-0.202757502027575,1.08166433392594
CTSH,Information Technology,IT Consulting & Other Services,Cognizant Technology Solutions Corp.,56.46,0.014159292035398,30997.9905,17.11,0.242799477981122,1.1715856146624
CTVA,Materials,Fertilizers & Agricultural Chemicals,"Corteva, Inc.",25.42,0.015300117693213,19099.22367,-18.36,-0.281608780417359,0.048039265016679
CTXS,Information Technology,Application Software,"Citrix Systems, Inc.",146.29,0.009819048954972,17601.64358,N/A,N/A,0.5552095011114
CVS,Health Care,Health Care Services,CVS Health Corp.,59.95,0.033500837520938,77943.723,11.77,0.392595646114285,0.844485120910928
CVX,Energy,Integrated Oil & Gas,Chevron Corp.,91.44,0.054338103756708,166982.6912,44.55,2.36761338724607,1.33590004989812
CXO,Energy,Oil & Gas Exploration & Production,"Concho Resources, Inc.",57.72,0.010135730653974,11159.18811,-1.21,-0.0120845032533584,1.30640248767343
D,Utilities,Electric Utilities,"Dominion Energy, Inc.",75.8,0.048538553101441,63361.18,46.79,2.26543209876543,1.01103637238179
DAL,Industrials,Airlines,"Delta Air Lines, Inc.",22.57,0.064572968490878,15384.60432,4.17,0.288009911609157,1.21886582892786
DD,Materials,Specialty Chemicals,"DuPont de Nemours, Inc.",44.72,0.047925449301087,33072.14065,67.32,3.25154297757038,1.1921126947992
DE,Industrials,Agricultural & Farm Machinery,Deere & Co.,132.94,0.021998697445545,43339.1478,12.84,0.293549633062959,1.12974958698394
DFS,Financials,Consumer Finance,Discover Financial Services,41.37,0.041576021271452,12671.67237,6.18,0.257138585737778,1.86621542597609
DG,Consumer Discretionary,General Merchandise Stores,Dollar General Corp.,175.44,0.007398843930635,43512.095,26.25,0.191519286590658,0.560886424606631
DGX,Health Care,Health Care Services,"Quest Diagnostics, Inc.",107.28,0.0197592133076,14548.00581,18.25,0.365727116539371,0.82765739783904
DHI,Consumer Discretionary,Homebuilding,"D.R. Horton, Inc.",46.13,0.013966480446927,16919.05852,8.99,0.126639000915697,1.09518571874738
DHR,Health Care,Health Care Equipment,Danaher Corp.,161.12,0.004229644834235,112039.80915,46.36,0.195655301395483,0.836001366810461
DIS,Communication Services,Movies & Entertainment,The Walt Disney Co.,103.18,0.016682464454976,190473.92,16.4,0.279733617305339,1.04209386914022
DISCA,Communication Services,Broadcasting,"Discovery, Inc.",21.855,N/A,11288.37974,6.32,N/A,0.924711233947619
DISCK,Communication Services,Broadcasting,"Discovery, Inc.",19.905,N/A,10178.81588,5.76,N/A,0.908781826262831
DISH,Communication Services,Cable & Satellite,DISH Network Corp.,23.6,N/A,12547.99848,8.11,N/A,1.43890975441275
DLR,Real Estate,Specialized REITs,"Digital Realty Trust, Inc.",145.77,0.029605263157894,37833.99168,61.69,1.82826188158619,0.877455872864914
DLTR,Consumer Discretionary,General Merchandise Stores,"Dollar Tree, Inc.",77.79,N/A,18359.30709,22.33,N/A,0.773476323226404
DOV,Industrials,Industrial Machinery,Dover Corp.,90.64,0.021318465070514,13166.83209,17.56,0.377804471654977,1.22779041987326
DOW,Materials,Commodity Chemicals,"Dow, Inc.",33.06,0.08252284114353,25133.00283,-14.53,-1.23066104078762,1.37439612182045
DRE,Real Estate,Industrial REITs,Duke Realty Corp.,32.81,0.027027027027027,12366.6876,29.66,0.813596094738745,1.14403030914535
DRI,Consumer Discretionary,Restaurants,"Darden Restaurants, Inc.",70.62,0.048532569792412,9072.04815,13.59,0.652550529355149,1.59260604953629
DTE,Utilities,Multi-Utilities,DTE Energy Co.,100.83,0.038885578069129,19392.17616,17.1,0.663795588260228,1.10409788190333
DUK,Utilities,Electric Utilities,Duke Energy Corp.,82.63,0.045317037754114,60660.15656,16.24,0.735944347279266,0.968804912309812
DVA,Health Care,Health Care Facilities,"DaVita, Inc.",75.12,N/A,9319.37706,13.94,N/A,0.845368398297142
DVN,Energy,Oil & Gas Exploration & Production,Devon Energy Corp.,11.42,0.032286995515695,4267.58445,-12.17,-0.383549968037503,1.64689838510371
DXC,Information Technology,IT Consulting & Other Services,DXC Technology Co.,16.59,0.048838594401429,4259.97559,-2.66,-0.131439746096881,1.93624325926502
EA,Communication Services,Interactive Home Entertainment,"Electronic Arts, Inc.",116.79,N/A,32811.37398,12.22,N/A,0.664236408336107
EBAY,Consumer Discretionary,Internet & Direct Marketing Retail,"eBay, Inc.",39.77,0.014777070063694,27508.48025,6.57,0.0956511700776753,0.70623493147785
ECL,Materials,Specialty Chemicals,"Ecolab, Inc.",191.52,0.00978947368421,54941.54,35.7,0.346736759689055,1.12916986024559
ED,Utilities,Electric Utilities,"Consolidated Edison, Inc.",77.06,0.038317152103559,25799.646,18.85,0.723928781060458,0.714843588351682
EFX,Industrials,Research & Consulting Services,"Equifax, Inc.",141.71,0.011313365726303,16737.77765,63.62,0.7003367003367,0.941099847512709
EIX,Utilities,Electric Utilities,Edison International,56.33,0.044891362901777,20246.71209,16.27,0.722292846411649,0.99246208660232
EL,Consumer Staples,Personal Products,"The Est√©e Lauder Companies, Inc.",174.38,0.01054827866002,61692.44118,48.3,0.50415512465374,0.989318237544455
EMN,Materials,Diversified Chemicals,Eastman Chemical Co.,60.65,0.042652449183605,8156.35788,10.27,0.433523564376556,1.17476483717841
EMR,Industrials,Electrical Components & Equipment,Emerson Electric Co.,54.29,0.03680981595092,32138.18025,15.36,0.560018101595203,1.23731238737234
EOG,Energy,Oil & Gas Exploration & Production,"EOG Resources, Inc.",46.74,0.024287637424276,25942.19135,9.87,0.228640827964938,1.23724174068385
EQIX,Real Estate,Specialized REITs,"Equinix, Inc.",675.58,0.014667958560035,57644.12795,112.16,1.63262597269002,0.928623425919486
EQR,Real Estate,Residential REITs,Equity Residential,62.5,0.036430749478414,23185.80024,23.48,0.852678236045376,0.947156398740586
ES,Utilities,Multi-Utilities,Eversource Energy,80.8,0.02679353950169,26383.61684,28.6,0.757468497805465,0.933644763451097
ESS,Real Estate,Residential REITs,"Essex Property Trust, Inc.",242.29,0.032937798234871,15672.32261,36.32,1.16925752147386,0.992252471907702
ETFC,Financials,Investment Banking & Brokerage,E*TRADE Financial Corp.,39.22,0.01419878296146,8717.50208,11.3,0.161536908298959,1.59522268632348
ETN,Industrials,Electrical Components & Equipment,Eaton Corp. Plc,79.32,0.034848300231509,32828,15.51,0.559074204394401,1.33238992562941
ETR,Utilities,Electric Utilities,Entergy Corp.,95.42,0.039115100993908,18790.35312,15.06,0.577533018793493,1.0575550452586
EVRG,Utilities,Electric Utilities,"Evergy, Inc.",56.63,0.034513590844062,12674.88312,20.13,0.685978318819975,1.12967619659937
EW,Health Care,Health Care Equipment,Edwards Lifesciences Corp.,206.94,N/A,43238.15815,38.95,N/A,0.944455576169713
EXC,Utilities,Multi-Utilities,Exelon Corp.,35.425,0.040502793296089,34866.694,11.74,0.480275578814879,1.17067744775729
EXPD,Industrials,Air Freight & Logistics,"Expeditors International of Washington, Inc.",71.45,0.014013452914798,11987.69504,20.67,0.289435600578871,0.778589687498387
EXPE,Consumer Discretionary,Internet & Direct Marketing Retail,"Expedia Group, Inc.",66.935,0.019616584930896,9486.641905,17.48,0.344234079173838,1.15924761019636
EXR,Real Estate,Specialized REITs,"Extra Space Storage, Inc.",85.3,0.040844424047728,11803.10069,26.09,1.08868501529052,0.608666751677615
F,Consumer Discretionary,Automobile Manufacturers,Ford Motor Co.,4.86,0.121951219512195,19567.7748,-6.36,-0.785751702462022,1.07220410832693
FANG,Energy,Oil & Gas Exploration & Production,"Diamondback Energy, Inc.",42.545,0.017068023833167,6356.82848,30.41,0.491738788355626,1.39858232801778
FAST,Industrials,Building Products,Fastenal Co.,35.865,0.025350140056022,20449.6383,25.72,0.649397244546498,1.00758862591945
FB,Communication Services,Interactive Media & Services,"Facebook, Inc.",205.61,N/A,576378.4785,27.94,N/A,0.996163914389197
FBHS,Industrials,Building Products,"Fortune Brands Home & Security, Inc.",51.11,0.017475728155339,7194.859,15.63,0.275313551544815,1.28125477049572
FCX,Materials,Copper,"Freeport-McMoRan, Inc.",8.7,0.0177304964539,12283.5816,-16.43,-0.283232628398791,1.60200388523251
FDX,Industrials,Air Freight & Logistics,FedEx Corp.,115.85,0.021996615905245,30879.75,-86.74,-1.94669062593591,1.10967302753027
FE,Utilities,Electric Utilities,FirstEnergy Corp.,41.19,0.037463271302644,22125.23336,41.31,1.5346038114343,1.07162051929653
FFIV,Information Technology,Communications Equipment,"F5 Networks, Inc.",135.38,N/A,8203.1037,24.01,N/A,0.810688631585733
FIS,Information Technology,Data Processing & Outsourced Services,"Fidelity National Information Services, Inc.",128.58,0.010828370330265,79867.21673,131.93,1.43648676380053,1.18096590943981
FISV,Information Technology,Data Processing & Outsourced Services,"Fiserv, Inc.",101.69,N/A,67802.684,55.05,N/A,1.19135368336748
FITB,Financials,Regional Banks,Fifth Third Bancorp,17.615,0.05571187394485,12639.90762,7.64,0.428682774746687,1.6017567776954
FLIR,Information Technology,Electronic Equipment & Instruments,"FLIR Systems, Inc.",41.75,0.015873015873015,5760.09504,32.91,0.535897233824573,0.890965335567047
FLS,Industrials,Industrial Machinery,Flowserve Corp.,26.89,0.028625235404896,3454.50015,13.88,0.392278311138639,1.20850521644223
FLT,Information Technology,Data Processing & Outsourced Services,"FleetCor Technologies, Inc.",231.75,N/A,19890.43407,22.38,N/A,1.15700094650936
FMC,Materials,Fertilizers & Agricultural Chemicals,FMC Corp.,89.64,0.018238434163701,11639.33472,24.25,0.443746956004113,1.2525086925973
FOX,Communication Services,Movies & Entertainment,Fox Corp.,24.615,0.018385291766586,15182.96166,8.59,0.160396108650929,0.931442215657955
FOXA,Communication Services,Movies & Entertainment,Fox Corp.,24.98,0.018088871411718,15431.76319,8.72,0.160396108650929,0.919489375691782
FRC,Financials,Regional Banks,"First Republic Bank (San Francisco, California)",99,0.007555423004274,17229.85992,19.14,0.146930884485259,1.08118650319399
FRT,Real Estate,Retail REITs,Federal Realty Investment Trust,77.54,0.052792654934965,5742.867869,16.84,0.899237602901887,1.08183886554963
FTI,Energy,Oil & Gas Equipment & Services,TechnipFMC Plc,7.96,0.062877871825876,3700.38669,-0.63,-0.0408637978185019,1.50645092292398
FTNT,Information Technology,Systems Software,"Fortinet, Inc.",105.715,N/A,18000.2151,55.4,N/A,1.06797789574473
FTV,Industrials,Industrial Machinery,Fortive Corp.,61,0.004609053497942,20464.002,37.45,0.171905697445973,1.05892300705536
GD,Industrials,Aerospace & Defense,General Dynamics Corp.,124.78,0.032550860719874,36661.347,10.45,0.348280365694384,0.939612130733738
GE,Industrials,Industrial Conglomerates,General Electric Co.,6.21,0.006153846153846,56856.085,9.33,0.0600781015319916,1.28280319466276
GILD,Health Care,Biotechnology,"Gilead Sciences, Inc.",80.25,0.032145090681676,100658.649,20.48,0.655712609072817,0.547822037276292
GIS,Consumer Staples,Packaged Foods & Meats,"General Mills, Inc.",59.73,0.032896945283652,36113.76162,17.03,0.558914109729668,0.435740885163676
GL,Financials,Life & Health Insurance,"Globe Life, Inc.",78.56,0.008813601700212,8590.68603,11.5,0.103201440428615,1.29302174507874
GLW,Information Technology,Electronic Components,"Corning, Inc.",20.39,0.039690222652468,15680.94,59.72,2.40187463386057,1.32236517903305
GM,Consumer Discretionary,Automobile Manufacturers,General Motors Co.,20.75,0.072727272727272,29934.652,4.48,0.328322101261448,1.29071799971631
GOOG,Communication Services,Interactive Media & Services,"Alphabet, Inc.",1327.06,N/A,901474.12601,26.54,N/A,0.972703027625971
GOOGL,Communication Services,Interactive Media & Services,"Alphabet, Inc.",1324.31,N/A,899228.307884,26.47,N/A,0.981420938394044
GPC,Consumer Discretionary,Specialty Stores,Genuine Parts Co.,75.63,0.040563904774571,10931.27258,17.76,0.716265088535062,1.16742215720241
GPN,Information Technology,Data Processing & Outsourced Services,"Global Payments, Inc.",162.41,0.001391982182628,48512.68992,68.85,0.0953874851619468,1.41322995133344
GPS,Consumer Discretionary,Apparel Retail,"Gap, Inc.",7.94,0.123882503192848,2917.76337,8.6,1.05046567034871,1.57172120138848
GRMN,Consumer Discretionary,Consumer Electronics,Garmin Ltd.,79.725,0.028567848640521,15245.14658,15.57,0.445260321056126,0.901838810456318
GS,Financials,Investment Banking & Brokerage,"The Goldman Sachs Group, Inc.",176.03,0.025974025974025,61218.6883,9.46,0.247189562152054,1.30757707637779
GWW,Industrials,Industrial Machinery,"W.W. Grainger, Inc.",272.12,0.02151983860121,14311.218114,19.21,0.40671647060485,1.08555872005384
HAL,Energy,Oil & Gas Equipment & Services,Halliburton Co.,10.03,0.073770491803278,8562.23328,-3.83,-0.274977085242896,1.75187155599119
HAS,Consumer Discretionary,Leisure Products,"Hasbro, Inc.",69.03,0.039575149134293,9416.49111,20.93,0.824242424242424,1.12975411603548
HBAN,Financials,Regional Banks,"Huntington Bancshares, Inc.",8.44,0.068844807467911,8691.8654,8.49,0.594518339379282,1.23319605407014
HBI,Consumer Discretionary,"Apparel, Accessories & Luxury Goods","Hanesbrands, Inc.",9.51,0.062630480167014,3334.1753,6.69,0.421911257998734,1.0221064592556
HCA,Health Care,Health Care Facilities,"HCA Healthcare, Inc.",103.61,0.015544535571237,35491.85934,N/A,N/A,1.16056890789296
HD,Consumer Discretionary,Home Improvement Retail,"The Home Depot, Inc.",221.84,0.024889051562428,234770.4084,21.55,0.528504255236467,1.158876237532
HES,Energy,Integrated Oil & Gas,Hess Corp.,46.29,0.022583559168925,13600.33632,-33.94,-0.733137829912023,1.40431714474397
HFC,Energy,Oil & Gas Refining & Marketing,HollyFrontier Corp.,32.53,0.04419525065963,4908.32288,7.05,0.290496011099549,1.20751512426121
HIG,Financials,Property & Casualty Insurance,"The Hartford Financial Services Group, Inc.",35.39,0.034323339871112,12779.69675,7.48,0.25881557541569,1.18437556264345
HII,Industrials,Aerospace & Defense,"Huntington Ingalls Industries, Inc.",179.98,0.019443097969515,7561.22508,13.52,0.271232794373986,0.872452387409431
HLT,Consumer Discretionary,"Hotels, Resorts & Cruise Lines","Hilton Worldwide Holdings, Inc.",71.41,0.008329862557267,19964.05089,23.26,0.195446105736343,0.88168770563955
HOG,Consumer Discretionary,Motorcycle Manufacturers,"Harley-Davidson, Inc.",20.31,0.073810691515448,3122.42265,8.72,0.646200085873765,1.59571143047955
HOLX,Health Care,Health Care Equipment,"Hologic, Inc.",49.945,N/A,12755.3764,21.67,N/A,0.985951462073395
HON,Industrials,Industrial Conglomerates,"Honeywell International, Inc.",135.2,0.025063752276867,96328.638,15.35,0.390452084492015,1.07339618682248
HP,Energy,Oil & Gas Drilling,"Helmerich & Payne, Inc.",18.05,0.168947055324211,1853.60508,-3.88,-0.610660760745694,1.7866719377132
HPE,Information Technology,"Technology Hardware, Storage & Peripherals",Hewlett-Packard Enterprise Co.,9.38,0.048259493670886,12213.4632,10.31,0.503078953155927,1.13781921919514
HPQ,Information Technology,"Technology Hardware, Storage & Peripherals","HP, Inc.",14.9,0.044649898028552,21031.7696,7.34,0.323674354425389,1.12231284256135
HRB,Consumer Discretionary,Specialized Consumer Services,"H&R Block, Inc.",16.5,0.064757160647571,3091.1485,8.4,0.529181295476518,1.13191862230082
HRL,Consumer Staples,Packaged Foods & Meats,Hormel Foods Corp.,46.46,0.018508583690987,25060.3616,25.31,0.469873610808455,0.488410446005165
HSIC,Health Care,Health Care Distributors,"Henry Schein, Inc.",52.57,N/A,7444.7254,15.24,N/A,0.8157332015835
HST,Real Estate,Hotel & Resort REITs,"Host Hotels & Resorts, Inc.",11.11,0.069930069930069,8075.29008,8.84,0.636435958631663,1.08567402233894
HSY,Consumer Staples,Packaged Foods & Meats,The Hershey Co.,131.25,0.022944016900558,27569.615844,24.62,0.57043706621647,0.783800174707541
HUM,Health Care,Managed Health Care,"Humana, Inc.",377.84,0.006111648398882,49212.36144,19.3,0.116232137291868,1.20174763216511
HWM,Industrials,Aerospace & Defense,"Howmet Aerospace, Inc.",11.95,0.00956937799043,5468.73162,11.38,0.114263949723862,1.30912222568931
IBM,Information Technology,IT Consulting & Other Services,International Business Machines Corp.,121.68,0.053171412160498,108207.39804,11.97,0.637418847137517,1.02418306628108
ICE,Financials,Financial Exchanges & Data,"Intercontinental Exchange, Inc.",89.67,0.012687492951392,48522.17474,23.79,0.298440152801358,0.868647178550724
IDXX,Health Care,Health Care Equipment,"IDEXX Laboratories, Inc.",272.99,N/A,22995.60975,53.85,N/A,0.854226677942889
IEX,Industrials,Industrial Machinery,IDEX Corp.,150.63,0.013219644391565,11406.040551,27.31,0.362667053511524,0.92122236323832
IFF,Materials,Specialty Chemicals,"International Flavors & Fragrances, Inc.",127.9,0.023375187554292,13524.33726,31.63,0.73196666584238,0.924599710802685
ILMN,Health Care,Life Sciences Tools & Services,"Illumina, Inc.",308.08,N/A,44907.46632,48.09,N/A,0.890224863296343
INCY,Health Care,Biotechnology,Incyte Corp.,101.13,N/A,21109.4296,48.52,N/A,0.681739323049385
INFO,Industrials,Research & Consulting Services,IHS Markit Ltd.,65.13,0.002603369065849,26049.2148,29.47,0.0769335203873829,1.07761543191699
INTC,Information Technology,Semiconductors,Intel Corp.,58.04,0.022185488080737,243327.98,11.09,0.243790512246888,1.2594438672856
INTU,Information Technology,Application Software,"Intuit, Inc.",267.42,0.007659020411289,68021.49257,42.72,0.319045416114984,1.23994510906613
IP,Materials,Paper Packaging,International Paper Co.,33.37,0.059716897670303,13341.24521,19.84,1.20421027592769,1.17644568207858
IPG,Communication Services,Advertising,"Interpublic Group of Cos., Inc.",15.87,0.058429701765063,6401.35802,9.18,0.555137917076274,1.24883448677293
IPGP,Information Technology,Electronic Manufacturing Services,IPG Photonics Corp.,118.73,N/A,6343.56054,35.05,N/A,1.05922943893472
IQV,Health Care,Life Sciences Tools & Services,"IQVIA Holdings, Inc.",134.06,N/A,26075.32,120.79,N/A,1.25892536093681
IR,Industrials,Industrial Machinery,"Ingersoll Rand, Inc.",27.37,0.075364379665837,11690.18101,34.97,2.70891898798875,1.02097821047355
IRM,Real Estate,Specialized REITs,"Iron Mountain, Inc.",22.92,0.103877118644067,6793.7084,24.6,2.63149420352082,0.914575959620548
ISRG,Health Care,Health Care Equipment,"Intuitive Surgical, Inc.",500.86,N/A,58176.05548,41.91,N/A,1.14773528836497
IT,Information Technology,IT Consulting & Other Services,"Gartner, Inc.",116.3,N/A,10247.922048,44.79,N/A,0.967770036442907
ITW,Industrials,Industrial Machinery,"Illinois Tool Works, Inc.",158.34,0.02596425211665,50628.08565,20.34,0.531757754800591,1.12372156016859
IVZ,Financials,Asset Management & Custody Banks,Invesco Ltd.,8.09,0.155193992490613,3666.57904,7.86,1.20528771384137,1.6452687001098
J,Industrials,Construction & Engineering,"Jacobs Engineering Group, Inc.",81.03,0.008665511265164,10747.779,-1006.58,-8.69565217391304,0.948936365116676
JBHT,Industrials,Trucking,"J.B. Hunt Transport Services, Inc.",100.25,0.010409437890353,10637.85107,21.36,0.223475577311908,0.928283498137985
JCI,Industrials,Building Products,Johnson Controls International Plc,28.53,0.037329504666188,21280.22022,256.33,9.34411500449236,0.954898425392561
JKHY,Information Technology,Data Processing & Outsourced Services,"Jack Henry & Associates, Inc.",161.77,0.010094637223974,12160.12,44.29,0.437385528006342,0.811796626948419
JNJ,Health Care,Pharmaceuticals,Johnson & Johnson,148.27,0.025625463618585,390683.3511,22.8,0.584345686606182,0.705506618141602
JNPR,Information Technology,Communications Equipment,"Juniper Networks, Inc.",21.56,0.035288725939505,7222.68184,21.86,0.780774690732103,0.787371308112762
JPM,Financials,Diversified Banks,JPMorgan Chase & Co.,92.14,0.037533512064343,284089.855,10.38,0.39414858275431,1.31046801118214
JWN,Consumer Discretionary,Department Stores,"Nordstrom, Inc.",17.86,0.083805209513023,2761.07036,5.58,0.462297744736678,1.54877163784938
K,Consumer Staples,Packaged Foods & Meats,Kellogg Co.,63.67,0.034998458217699,22214.48514,21.19,0.755608814326609,0.477825868899349
KEY,Financials,Regional Banks,KeyCorp,10.7,0.065492321589882,10665.56862,7.8,0.528271640921014,1.63075117117585
KEYS,Information Technology,Electronic Equipment & Instruments,"Keysight Technologies, Inc.",93.49,N/A,17585.1468,26.19,N/A,1.11214171946079
KHC,Consumer Staples,Packaged Foods & Meats,The Kraft Heinz Co.,28.96,0.054458815520762,35895.3088,18.51,1.02386894477507,0.943332934197282
KIM,Real Estate,Retail REITs,Kimco Realty Corp.,10.4,0.10566037735849,4584.606,12.96,1.39563862928349,1.13659041321805
KLAC,Information Technology,Semiconductor Equipment,KLA Corp.,152.73,0.020629533506355,23558.12844,21.13,0.430998526263104,1.53071543051262
KMB,Consumer Staples,Household Products,Kimberly-Clark Corp.,135.73,0.0304138031876,46580.01866,19.69,0.603344501007991,0.641654791002298
KMI,Energy,Oil & Gas Storage & Transportation,"Kinder Morgan, Inc.",14.65,0.068681318681318,32927.2944,25.2,1.71998624011008,1.09455280691678
KMX,Consumer Discretionary,Specialty Stores,"CarMax, Inc.",71.68,N/A,11554.20525,13.31,N/A,1.1762698200726
KO,Consumer Staples,Soft Drinks,The Coca-Cola Co.,45.14,0.035307017543859,195846.984,19.29,0.687916595453769,0.779296879356632
KR,Consumer Staples,Food Retail,The Kroger Co.,32.53,0.019399249061326,25514.53092,15.7,0.299242241420918,0.307942593442915
KSS,Consumer Discretionary,General Merchandise Stores,Kohl's Corp.,17.57,0.151927437641723,2738.55708,3.98,0.607709750566893,1.38743736299783
KSU,Industrials,Railroads,Kansas City Southern,123.93,0.011841695232159,12196.792872,20.67,0.25356153871818,1.21042122286778
L,Financials,Multi-line Insurance,Loews Corp.,31.76,0.007906388361796,8952.79194,10.37,0.0816379845214381,1.3774163050391
LB,Consumer Discretionary,Apparel Retail,"L Brands, Inc.",12.04,0.099999999999999,3318.396,-9.12,-0.908609070947225,1.4507261001102
LDOS,Information Technology,IT Consulting & Other Services,"Leidos Holdings, Inc.",98.91,0.013484523444682,13885.40283,21.28,0.283968677394372,1.05376791405979
LEG,Consumer Discretionary,Home Furnishings,"Leggett & Platt, Inc.",34.06,0.046814814814814,4463.40375,13.76,0.638229116173857,1.44945280565296
LEN,Consumer Discretionary,Homebuilding,Lennar Corp.,49.42,0.00495349777598,15443.43986,7.85,0.0388962977074998,1.23128478028335
LH,Health Care,Health Care Services,Laboratory Corp. of America Holdings,157.65,N/A,15441.813,48.13,N/A,1.21542773222235
LHX,Industrials,Aerospace & Defense,"L3Harris Technologies, Inc.",186.82,0.015148316267285,41093.11616,23.24,0.356974054080947,0.922623663420144
LIN,Materials,Industrial Gases,Linde Plc,182.66,0.019408861531636,94706.07006,43.25,0.828696578666982,0.976572757215669
LKQ,Consumer Discretionary,Distributors,LKQ Corp.,24.59,N/A,7540.82583,12.89,N/A,1.35896856228099
LLY,Health Care,Pharmaceuticals,Eli Lilly & Co.,153.28,0.017411963809151,146939.4135,25.33,0.4420756899686,0.785832062080038
LMT,Industrials,Aerospace & Defense,Lockheed Martin Corp.,380.16,0.023991446527759,107538.40945,17.15,0.415139974369619,0.893103387867374
LNC,Financials,Multi-line Insurance,Lincoln National Corp.,32.71,0.046490147783251,6291.89568,7.42,0.342504593190737,2.27081419232793
LNT,Utilities,Electric Utilities,Alliant Energy Corp.,47.48,0.03005291005291,11586.78675,20.34,0.608084960602946,0.825610231578295
LOW,Consumer Discretionary,Home Improvement Retail,"Lowe's Cos., Inc.",107.35,0.020390580126364,78861.97254,19.61,0.389069521060899,1.28457131909523
LRCX,Information Technology,Semiconductor Equipment,Lam Research Corp.,234.48,0.019360054463449,34115.97324,16.28,0.315831852509996,1.59260444532685
LUV,Industrials,Airlines,Southwest Airlines Co.,27.56,0.024632227163872,14874.73778,8.11,0.211758477691833,1.00364410145284
LVS,Consumer Discretionary,Casinos & Gaming,Las Vegas Sands Corp.,45.45,0.067967550975663,34833.7253,16.54,1.12825738826612,1.13203800654799
LW,Consumer Staples,Packaged Foods & Meats,"Lamb Weston Holdings, Inc.",57.7,0.014224507283633,8521.37565,17.64,0.253799345625783,0.946886191212023
LYB,Materials,Specialty Chemicals,LyondellBasell Industries NV,54.35,0.076142131979695,18402.36888,6.96,0.538068334678504,1.48456273967054
LYV,Communication Services,Movies & Entertainment,"Live Nation Entertainment, Inc.",41.83,N/A,8860.64857,-3575.21,N/A,1.18030492582107
MA,Information Technology,Data Processing & Outsourced Services,"Mastercard, Inc.",269.26,0.005432760288754,269825.97834,34.27,0.185828655796963,1.260771977528
MAA,Real Estate,Residential REITs,"Mid-America Apartment Communities, Inc.",110.3,0.035391772325093,12528.5164,35.93,1.26388481709502,1.01135331612231
MAR,Consumer Discretionary,"Hotels, Resorts & Cruise Lines","Marriott International, Inc.",82.65,0.021828908554572,27477.72975,21.6,0.483824567826974,0.951441011960321
MAS,Industrials,Building Products,Masco Corp.,39.84,0.013111888111888,10560.7502,25.12,0.331042310360048,1.02901074688123
MCD,Consumer Discretionary,Restaurants,McDonald's Corp.,181.87,0.026387824373152,135810.4499,N/A,N/A,0.977519199094467
MCHP,Information Technology,Semiconductors,"Microchip Technology, Inc.",81.965,0.017946516192345,19527.13776,30.29,0.540370835487922,1.53537283741243
MCK,Health Care,Health Care Distributors,McKesson Corp.,135.68,0.011878247958426,23852.8107,-27.87,-0.328710837185413,0.972622089512344
MCO,Financials,Financial Exchanges & Data,Moody's Corp.,245.39,0.008518028448561,45274.38272,30.08,0.252556212147218,1.34288702667233
MDLZ,Consumer Staples,Packaged Foods & Meats,"Mondelez International, Inc.",50.015,0.021992110453648,72372.222,19.46,0.433481066791074,0.851899935831076
MDT,Health Care,Health Care Equipment,Medtronic Plc,95.26,0.022282951439983,127503.7738,24.05,0.535312981339798,0.948613895316303
MET,Financials,Life & Health Insurance,"MetLife, Inc.",34.18,0.050173010380622,31527.83076,5.61,0.285784676028578,1.49104599911831
MGM,Consumer Discretionary,Casinos & Gaming,MGM Resorts International,14.78,0.03597601598934,7395.29191,2.64,0.096609714643528,1.73840572384127
MHK,Consumer Discretionary,Home Furnishings,"Mohawk Industries, Inc.",84.99,N/A,5935.32192,8.23,N/A,1.23383095879359
MKC,Consumer Staples,Packaged Foods & Meats,"McCormick & Co., Inc.",157.39,0.015088719077839,20523.03568,29.88,0.442393863446495,0.731451872011977
MKTX,Financials,Financial Exchanges & Data,"MarketAxess Holdings, Inc.",457.25,0.004735543253518,16869.283992,74.77,0.348420656601181,0.82970556067374
MLM,Materials,Construction Materials,"Martin Marietta Materials, Inc.",190.65,0.011040248673562,11595.392983,19.51,0.210763249437283,1.03223893885056
MMC,Financials,Insurance Brokers,"Marsh & McLennan Cos., Inc.",98.74,0.018743563336766,49132.6,27.99,0.51591688635655,0.909341852598768
MMM,Industrials,Industrial Conglomerates,3M Co.,148.4,0.038963660834454,85474.1256,17.22,0.671911989973541,0.862986419807672
MNST,Consumer Staples,Soft Drinks,Monster Beverage Corp.,59.23,N/A,31340.07744,28.98,N/A,0.932127251011336
MO,Consumer Staples,Tobacco,"Altria Group, Inc.",38.01,0.087575837509891,70450.8067,-81.17,-7.08947256032458,0.713078494328573
MOS,Materials,Fertilizers & Agricultural Chemicals,The Mosaic Co.,10.98,0.015695067264573,4226.073,-3.91,-0.0622598548455956,1.29464422381823
MPC,Energy,Oil & Gas Refining & Marketing,Marathon Petroleum Corp.,31.53,0.07250341997264,19006.02924,7.86,0.528269916025018,1.60665752126272
MRK,Health Care,Pharmaceuticals,"Merck & Co., Inc.",76.86,0.029869962662546,196123.7403,N/A,N/A,0.712769030196637
MRO,Energy,Oil & Gas Exploration & Production,Marathon Oil Corp.,5.81,0.036363636363636,4347.299,9.83,0.3382949932341,1.40183236128474
MS,Financials,Investment Banking & Brokerage,Morgan Stanley,38.09,0.03515625,60518.4,7.81,0.276911716442402,1.47540497955212
MSCI,Financials,Financial Exchanges & Data,"MSCI, Inc.",321.46,0.008189035444145,27199.635112,51.09,0.41638192711727,1.23555006844864
MSFT,Information Technology,Systems Software,Microsoft Corp.,178.835,0.01139943862061,1323841.1208,29.5,0.328225766547362,1.16316750201701
MSI,Information Technology,Communications Equipment,"Motorola Solutions, Inc.",141.16,0.0169271771231,23816.70299,27.12,0.451445586399001,0.97824026326324
MTB,Financials,Regional Banks,M&T Bank Corp.,104.4,0.039179104477611,13933.055645,8.46,0.340306924435658,1.23971102657579
MTD,Health Care,Life Sciences Tools & Services,"Mettler-Toledo International, Inc.",690.89,N/A,16526.74596,30.19,N/A,0.942743496445965
MU,Information Technology,Semiconductors,"Micron Technology, Inc.",44.495,N/A,50115.2814,21.41,N/A,1.42243326469813
MXIM,Information Technology,Semiconductors,"Maxim Integrated Products, Inc.",51.57,0.036496350364963,13880.4975,17.17,0.63221641766213,1.13094165409865
MYL,Health Care,Pharmaceuticals,Mylan NV,16.54,N/A,8338.30672,600.73,N/A,0.83516512568646
NBL,Energy,Oil & Gas Exploration & Production,"Noble Energy, Inc.",9.135,0.053530751708428,4258.6512,-2.89,-0.148583712696004,1.7508770158627
NCLH,Consumer Discretionary,"Hotels, Resorts & Cruise Lines",Norwegian Cruise Line Holdings Ltd.,14.44,N/A,2969.026,3.34,N/A,1.91237198822171
NDAQ,Financials,Financial Exchanges & Data,"Nasdaq, Inc.",106.19,0.017632714312511,17593.57944,24,0.425089313978203,1.04855081280636
NEE,Utilities,Multi-Utilities,"NextEra Energy, Inc.",230.09,0.022682228584012,111129.6225,31.7,0.709532535166637,0.933877012693789
NEM,Materials,Gold,Newmont Corp.,62.74,0.009181833087391,49266.99012,18.04,0.161053751689626,0.341277566211678
NFLX,Communication Services,Movies & Entertainment,"Netflix, Inc.",428.14,N/A,182637.40708,84.1,N/A,0.720423449216622
NI,Utilities,Multi-Utilities,"NiSource, Inc.",24.4,0.03269309358398,9364.25301,27.51,0.902018265869884,1.00689409207126
NKE,Consumer Discretionary,"Apparel, Accessories & Luxury Goods","NIKE, Inc.",85.75,0.010872106616787,133016.4108,31.03,0.336529762981726,1.00952062632205
NLOK,Information Technology,Application Software,"NortonLifeLock, Inc.",21.11,0.016778523489932,12524.01024,3.55,0.0588947970653564,0.507310473275994
NLSN,Industrials,Research & Consulting Services,Nielsen Holdings Plc,14.15,0.058739255014326,4976.40496,-10.61,-0.615015375384385,1.10932533575257
NOC,Industrials,Aerospace & Defense,Northrop Grumman Corp.,322.56,0.016094616838383,54688.58618,24.2,0.396200081040926,0.825015134360566
NOV,Energy,Oil & Gas Equipment & Services,"National Oilwell Varco, Inc.",12.33,0.017094017094017,4542.2091,-0.58,-0.00947930194420483,1.56738410144617
NOW,Information Technology,Systems Software,"ServiceNow, Inc.",354.64,N/A,64745.91504,99.14,N/A,1.11978159821465
NRG,Utilities,Independent Power Producers & Energy Traders,"NRG Energy, Inc.",32.95,0.003639672429481,8260.36974,2.01,0.00733352889410384,1.04501279407668
NSC,Industrials,Railroads,Norfolk Southern Corp.,168.01,0.021554501259298,43737.44067,18.14,0.397421082756461,1.24619052327626
NTAP,Information Technology,"Technology Hardware, Storage & Peripherals","NetApp, Inc.",40.68,0.044358727097396,9174.42196,9.44,0.427211516136522,1.09449187229853
NTRS,Financials,Asset Management & Custody Banks,Northern Trust Corp.,74.92,0.035775804955611,15701.68444,11.13,0.400974218842818,1.26066321995755
NUE,Materials,Steel,Nucor Corp.,41.06,0.039146341463414,12346.535,15.95,0.623397809368446,1.13161129986302
NVDA,Information Technology,Semiconductors,NVIDIA Corp.,291.28,0.002263243510856,173198.79108,63.58,0.139689191548804,1.46271193400317
NVR,Consumer Discretionary,Homebuilding,"NVR, Inc.",3062.68,N/A,11156.629161,12.93,N/A,1.09334915996463
NWL,Consumer Discretionary,Housewares & Specialties,"Newell Brands, Inc.",12.375,0.074918566775244,5200.58,-5.14,-0.381901203819012,1.23613054036165
NWS,Communication Services,Publishing,News Corp.,9.895,0.02061855670103,5706.1802,-31.71,-0.64,1.03041246579008
NWSA,Communication Services,Publishing,News Corp.,9.635,0.021097046413502,5576.76168,-30.85,-0.64,1.01143740632052
O,Real Estate,Retail REITs,Realty Income Corp.,50.61,0.052461865224946,17784.58242,36.52,1.96060037523452,1.17477116033635
ODFL,Industrials,Trucking,"Old Dominion Freight Line, Inc.",147.97,0.003007631118869,17576.84838,28.84,0.0861289763760201,0.933629631297633
OKE,Energy,Oil & Gas Storage & Transportation,"ONEOK, Inc.",29.19,0.131531853972798,11564.56158,15.11,1.90296188898094,1.54824971923805
OMC,Communication Services,Advertising,"Omnicom Group, Inc.",54.27,0.046519949901592,11976.27687,8.88,0.4254205118136,1.00556149302767
ORCL,Information Technology,Application Software,Oracle Corp.,51.75,0.018536396987835,163323.9082,15.86,0.294261893084846,1.01196843453499
ORLY,Consumer Discretionary,Specialty Stores,"O'Reilly Automotive, Inc.",387.825,N/A,27926.390541,21.58,N/A,1.02374081479707
OTIS,Industrials,Industrial Machinery,Otis Worldwide Corp.,49.53,N/A,21528.35709,N/A,N/A,0.67392585823466
OXY,Energy,Oil & Gas Exploration & Production,Occidental Petroleum Corp.,15.52,0.206036745406824,13716.27432,-17.43,-3.52650494159928,1.61549234831641
PAYC,Information Technology,Application Software,"Paycom Software, Inc.",248.12,N/A,13879.282946,72.89,N/A,1.47489250143834
PAYX,Information Technology,Data Processing & Outsourced Services,"Paychex, Inc.",67.19,0.037237237237237,23890.419,21.75,0.803108808290155,1.21505790300391
PBCT,Financials,Thrifts & Mortgage Finance,"People's United Financial, Inc.",11.845,0.059314954051796,5083.20414,9.27,0.555903538991544,1.21080704795631
PCAR,Industrials,Construction Machinery & Heavy Trucks,"PACCAR, Inc.",68.39,0.018743593498316,23607.853,11.19,0.209554369536034,0.909273129449752
PEAK,Real Estate,Health Care REITs,"Healthpeak Properties, Inc.",25.13,0.058846918489065,12716.6448,275.25,16.210295728368,1.17647333215674
PEG,Utilities,Electric Utilities,"Public Service Enterprise Group, Inc.",49.14,0.038048977939688,24958.32507,14.64,0.560073882086573,0.855237105203148
PEP,Consumer Staples,Soft Drinks,"PepsiCo, Inc.",131.14,0.029353004456738,180569.25,25.25,0.736683765958268,0.937194218534261
PFE,Health Care,Pharmaceuticals,Pfizer Inc.,37.62,0.039319872476089,208813.1696,13.23,0.520668425681618,0.720983987236302
PFG,Financials,Life & Health Insurance,"Principal Financial Group, Inc.",34.96,0.062678062678062,9612.7668,7.74,0.487135202161109,1.49655194274928
PG,Consumer Staples,Personal Products,Procter & Gamble Co.,115.77,0.025540147235062,289204.2648,60.58,1.56127681841968,0.75758472070043
PGR,Financials,Property & Casualty Insurance,Progressive Corp.,75.85,0.005250721974271,44588.154,12.46,0.0656857593273778,0.797042624749597
PH,Industrials,Industrial Machinery,Parker-Hannifin Corp.,156.63,0.022994512673112,19649.80804,15.19,0.34138629993502,1.51768224111781
PHM,Consumer Discretionary,Homebuilding,"PulteGroup, Inc.",27.27,0.016886930983847,7304.37876,7.12,0.12016091113317,1.26544684972934
PKG,Materials,Paper Packaging,Packaging Corporation of America,95.78,0.033350923482849,8987.0375,13.93,0.459482645805767,0.931754030293459
PKI,Health Care,Health Care Equipment,"PerkinElmer, Inc. (United States)",87,0.003142889213155,9916.07336,42.4,0.136465542450531,0.771481808493724
PLD,Real Estate,Industrial REITs,"Prologis, Inc.",87.13,0.024985607369027,64189.9665,33.07,0.823623182905075,1.0994562389396
PM,Consumer Staples,Tobacco,"Philip Morris International, Inc.",73.31,0.063455240174672,114106.4864,14.94,0.947432762836186,0.950308533649212
PNC,Financials,Regional Banks,"The PNC Financial Services Group, Inc.",101.61,0.042730892492959,43659.28,9.43,0.408185984377609,1.3853742210156
PNR,Industrials,Industrial Machinery,Pentair Plc,34.48,0.021836673646425,5540.18675,15.41,0.326344494613081,1.16957719490988
PNW,Utilities,Multi-Utilities,Pinnacle West Capital Corp.,73.65,0.040407447382622,8337.68468,15.38,0.625548268515811,0.998715661480154
PPG,Materials,Specialty Chemicals,"PPG Industries, Inc.",86.83,0.022840909090909,20761.224,17.52,0.405601743482121,0.955559868264358
PPL,Utilities,Electric Utilities,PPL Corp.,24.96,0.066344993968636,19104.6366,10.38,0.686042160409131,1.05089774637614
PRGO,Health Care,Pharmaceuticals,Perrigo Co. Plc,51.27,0.016230068337129,7171.17036,37,0.617016670274951,0.909465498469534
PRU,Financials,Life & Health Insurance,"Prudential Financial, Inc.",58.88,0.067181726570372,23580.45976,5.75,0.390823465040841,1.62256986366495
PSA,Real Estate,Specialized REITs,Public Storage,181.09,0.043393360815795,32224.83748,24.58,1.08595319541728,0.67373980820247
PSX,Energy,Oil & Gas Refining & Marketing,Phillips 66,73.48,0.054249547920433,29054.92968,103.73,5.08187464709204,1.26048281524885
PVH,Consumer Discretionary,"Apparel, Accessories & Luxury Goods",PVH Corp.,44.43,0.003357958361316,3166.361478,7.96,0.0268701633705933,1.7533710610437
PWR,Industrials,Construction & Engineering,"Quanta Services, Inc.",34.73,0.004861309694023,4814.74594,12.58,0.0615919713053875,1.05817939069237
PXD,Energy,Oil & Gas Exploration & Production,Pioneer Natural Resources Co.,83.06,0.014471780028943,13670.43996,18.5,0.267218919099472,1.50462170550123
PYPL,Information Technology,Data Processing & Outsourced Services,"PayPal Holdings, Inc.",123.71,N/A,141462.2629,59.02,N/A,1.24516104600333
QCOM,Information Technology,Semiconductors,"QUALCOMM, Inc.",75.87,0.032786885245901,85089.7052,22.18,0.726803821581384,1.17834138742229
QRVO,Information Technology,Semiconductors,"Qorvo, Inc.",94.19,N/A,10776.05775,32.02,N/A,1.32742746115183
RCL,Consumer Discretionary,"Hotels, Resorts & Cruise Lines",Royal Caribbean Cruises Ltd.,41.37,0.072602403728231,8525.70009,4.61,0.330007246780757,1.71575517789891
RE,Financials,Reinsurance,Everest Re Group Ltd.,162.82,0.034846372947094,7514.703909,6.56,0.231637211813095,1.01311632133312
REG,Real Estate,Retail REITs,Regency Centers Corp.,40.26,0.057184750733137,6877.25671,28.13,1.63636363636364,1.12524714960971
REGN,Health Care,Biotechnology,"Regeneron Pharmaceuticals, Inc.",542.21,N/A,59130.295235,27.97,N/A,0.59760471288147
RF,Financials,Regional Banks,Regions Financial Corp.,10.16,0.059488692232055,9732.69,7.9,0.470707227884541,1.48566433626355
RHI,Industrials,Human Resource & Employment Services,"Robert Half International, Inc.",44.21,0.028616493916178,5092.20558,11.68,0.335437521460078,0.966844675790776
RJF,Financials,Investment Banking & Brokerage,"Raymond James Financial, Inc.",62.52,0.022475466919911,8799.96312,9.07,0.205904529899658,1.34114348259261
RL,Consumer Discretionary,"Apparel, Accessories & Luxury Goods",Ralph Lauren Corp.,71.87,0.036769735941989,5391.249962,8.22,0.307346584021409,1.11568312648752
RMD,Health Care,Health Care Equipment,"ResMed, Inc.",154.78,0.0096812723958,23004.22619,43.52,0.432973459289249,1.0836270502124
ROK,Industrials,Electrical Components & Equipment,"Rockwell Automation, Inc.",187.92,0.021726076750914,21217.79856,30.74,0.651103440378229,1.24114065337499
ROL,Industrials,Environmental & Facilities Services,"Rollins, Inc.",40.68,0.012125,13110.68,65.83,0.784789644012945,0.744320005549852
ROP,Industrials,Industrial Conglomerates,"Roper Technologies, Inc.",341.08,0.005745771701337,35429.23572,21.66,0.123861427645871,1.03852501626142
ROST,Consumer Discretionary,Apparel Retail,"Ross Stores, Inc.",88.44,0.011465827338129,31615.22752,19.07,0.220083718120226,1.15573011055592
RSG,Industrials,Environmental & Facilities Services,"Republic Services, Inc.",77.2,0.020225593154414,24616.27089,23.09,0.466507177033493,0.839120895083203
RTN,Industrials,Aerospace & Defense,Raytheon Co.,116.96,0.032233242134062,32561.664,9.79,0.315676653325072,N/A
RTX,Industrials,Aerospace & Defense,Raytheon Technologies Corp.,58.85,0.048109965635738,52931.34315,9.08,0.453857791225416,1.22107410003071
SBAC,Real Estate,Specialized REITs,SBA Communications Corp.,288.72,0.002580555168084,32174.75876,221.65,0.568531038721573,0.89923900038843
SBUX,Consumer Discretionary,Restaurants,Starbucks Corp.,71.87,0.020870036590323,86194.099,25.33,0.542559188275085,1.13533746973046
SCHW,Financials,Investment Banking & Brokerage,The Charles Schwab Corp.,35.63,0.018930041152263,46921.356,13.8,0.267234701781565,1.15892507566876
SEE,Materials,Paper Packaging,Sealed Air Corp.,27.21,0.022678951098511,4392.66876,14.31,0.336629497159689,0.811470292900883
SHW,Materials,Specialty Chemicals,The Sherwin-Williams Co.,528.84,0.008984879568421,47800.752,29.96,0.267924913051852,1.04195284201551
SIVB,Financials,Regional Banks,SVB Financial Group,182.15,N/A,9518.496858,9.61,N/A,1.54758529330253
SJM,Consumer Staples,Packaged Foods & Meats,The J. M. Smucker Co.,114.99,0.03021383430006,13172.52938,20.99,0.637012429956011,0.42141400078244
SLB,Energy,Oil & Gas Equipment & Services,Schlumberger NV,16.23,0.126984126984126,21858.0075,-1.25,-0.154606102302858,1.42923847623037
SLG,Real Estate,Office REITs,SL Green Realty Corp.,47.54,0.058691664968412,3857.700173,11.85,0.717953831579997,1.32992929267803
SNA,Industrials,Industrial Machinery,"Snap-On, Inc.",121.4,0.03272873841193,6742.63851,10.21,0.341334230106352,1.10534918392411
SNPS,Information Technology,Application Software,"Synopsys, Inc.",151.17,N/A,22479.96828,46.88,N/A,1.08910934158183
SO,Utilities,Electric Utilities,The Southern Co.,54.92,0.045579856643999,57454.7836,16.4,0.740784993129817,1.01872348691486
SPG,Real Estate,Retail REITs,"Simon Property Group, Inc.",63.01,0.13132911392405,41663.404066,9.31,1.22690317812269,1.38082282798042
SPGI,Financials,Financial Exchanges & Data,"S&P Global, Inc.",285.77,0.008319932881213,68911.854,29.67,0.247139207908455,1.17875755764687
SRE,Utilities,Multi-Utilities,Sempra Energy,124.12,0.032268823480363,35066.69249,16.79,0.523369036027264,1.0340426634944
STE,Health Care,Health Care Equipment,STERIS Plc (Ireland),139.54,0.01004243281471,11992.5582,30.07,0.305981727288399,0.917653879347259
STT,Financials,Asset Management & Custody Banks,State Street Corp.,58.4,0.034360189573459,20793.56048,9.94,0.345396695761659,1.31938712015057
STX,Information Technology,"Technology Hardware, Storage & Peripherals",Seagate Technology Plc,46.39,0.053657514147977,12243.57875,6.86,0.378351216340043,1.01048425810225
STZ,Consumer Staples,Distillers & Vintners,"Constellation Brands, Inc.",163.75,0.018567803428854,31156.888493,-2462.41,-45.1127819548872,0.948199736976991
SWK,Industrials,Industrial Machinery,"Stanley Black & Decker, Inc.",103.93,0.025633802816901,16403.6625,16.81,0.441626089910542,1.57613331680147
SWKS,Information Technology,Semiconductors,"Skyworks Solutions, Inc.",99.65,0.016594151573408,16757.91129,20.72,0.341176225842019,1.40299907213509
SYF,Financials,Consumer Finance,Synchrony Financial,18.43,0.047001620745542,10804.43508,4.13,0.194966721197589,1.64517193752327
SYK,Health Care,Health Care Equipment,Stryker Corp.,178.57,0.012124903111504,67701.43336,30.89,0.378833745610545,1.13768685069947
SYY,Consumer Staples,Food Distributors,Sysco Corp.,53.83,0.030705079605761,26828.93484,15.23,0.458209588459907,1.25542851886641
T,Communication Services,Integrated Telecommunication Services,"AT&T, Inc.",29.6,0.068896321070234,214469.112,14.96,1.04092976250632,0.854687340119829
TAP,Consumer Staples,Brewers,Molson Coors Beverage Co.,38.19,0.054470709146968,8427.451516,-309.48,-17.1799027552674,0.863765612669607
TDG,Industrials,Aerospace & Defense,"TransDigm Group, Inc.",342.43,0.178852482472456,18761.2716,26.62,4.85938872777316,1.30032619463164
TEL,Information Technology,Electronic Manufacturing Services,TE Connectivity Ltd.,69.46,0.026069708132615,23583.74236,33.62,0.89069609836383,1.12573099415603
TFC,Financials,Regional Banks,Truist Financial Corp.,35.56,0.049520316027088,47666.8,10.01,0.493990486109156,1.41970490437672
TFX,Health Care,Health Care Equipment,"Teleflex, Inc.",325.78,0.004129094938822,15291.133998,27.33,0.114093002575482,0.990604477738358
TGT,Consumer Discretionary,General Merchandise Stores,Target Corp.,111.71,0.024207705811697,54096.49267,17.4,0.407991653300528,0.752024801941042
TIF,Consumer Discretionary,"Apparel, Accessories & Luxury Goods",Tiffany & Co.,127.07,0.018022981268691,15416.8251,28.37,0.51120635771051,0.432768845900793
TJX,Consumer Discretionary,Apparel Retail,"The TJX Cos., Inc.",47.7,0.019067357512953,58511.3275,17.58,0.339033018867924,1.15414170454039
TMO,Health Care,Life Sciences Tools & Services,"Thermo Fisher Scientific, Inc.",326.72,0.002395318516721,130258.78931,35.56,0.0859732938654246,0.804845097457461
TMUS,Communication Services,Wireless Telecommunication Services,"T-Mobile US, Inc.",88.95,N/A,106413.038,21.91,N/A,0.85598456630872
TPR,Consumer Discretionary,"Apparel, Accessories & Luxury Goods","Tapestry, Inc.",14.77,0.089050131926121,4184.59964,-18.83,-1.72106068332483,1.78024203438737
TROW,Financials,Asset Management & Custody Banks,"T. Rowe Price Group, Inc.",109.45,0.028793915248098,25130.51156,13.46,0.390913114028618,1.23778144774402
TRV,Financials,Property & Casualty Insurance,"The Travelers Cos., Inc.",96.91,0.034148880791254,24284.8978,10.38,0.351279277735534,1.03068370975531
TSCO,Consumer Discretionary,Specialty Stores,Tractor Supply Co.,102.5,0.013713390145949,11844.99225,21.42,0.292672729173199,0.749641029615902
TSN,Consumer Staples,Packaged Foods & Meats,"Tyson Foods, Inc.",55.32,0.026495584069321,17704.63028,9.72,0.279275639787118,0.707615394653414
TT,Industrials,Building Products,Trane Technologies Plc,85.15,0.024421149637138,20765.47286,14.56,0.362455120533424,0.957175526218995
TTWO,Communication Services,Interactive Home Entertainment,"Take-Two Interactive Software, Inc.",124.95,N/A,13911.4536,41.78,N/A,0.691945655799786
TWTR,Communication Services,Interactive Media & Services,"Twitter, Inc.",28.23,N/A,21844.07136,17.15,N/A,1.14952896582815
TXN,Information Technology,Semiconductors,Texas Instruments Incorporated,110.57,0.030443897548081,100688.87583,20.9,0.631582928351266,1.1432403368403
TXT,Industrials,Aerospace & Defense,"Textron, Inc.",25.64,0.003051106025934,5968.8519,8.6,0.0268267328392743,1.43877069906816
UA,Consumer Discretionary,"Apparel, Accessories & Luxury Goods","Under Armour, Inc.",8.71,N/A,3958.82796,42.63,N/A,1.21557958851745
UAA,Consumer Discretionary,"Apparel, Accessories & Luxury Goods","Under Armour, Inc.",9.69,N/A,4428.8258,47.43,N/A,1.31421737849645
UAL,Industrials,Airlines,"United Airlines Holdings, Inc.",25.255,N/A,7626.81634,N/A,N/A,1.40850662472742
UDR,Real Estate,Residential REITs,"UDR, Inc.",36.54,0.037950138504155,17285.89509,58.11,2.17875318066158,0.966583305843078
UHS,Health Care,Health Care Facilities,"Universal Health Services, Inc.",98.43,0.007060010085728,8488.022095,11.97,0.0851457208193451,1.31774225456887
ULTA,Consumer Discretionary,Specialty Stores,"Ulta Beauty, Inc.",215.54,N/A,12065.99966,17.64,N/A,1.26962283441017
UNH,Health Care,Managed Health Care,"UnitedHealth Group, Inc.",287.54,0.01518400056237,269552.17126,N/A,N/A,1.14559972700798
UNM,Financials,Life & Health Insurance,Unum Group,17,0.066060606060606,3354.8625,3.24,0.207864525725619,1.78164739719372
UNP,Industrials,Railroads,Union Pacific Corp.,154.82,0.024195607763023,106290.89152,17.93,0.438931739744748,1.07285336284041
UPS,Industrials,Air Freight & Logistics,"United Parcel Service, Inc.",90.44,0.042328618063112,78915.233954,N/A,N/A,0.796265231062936
URI,Industrials,Trading Companies & Distributors,"United Rentals, Inc.",116.75,N/A,8594.06436,7.59,N/A,1.55341643853575
USB,Financials,Diversified Banks,U.S. Bancorp,34.47,0.046651402404121,53152.8244,8.91,0.421428202078701,1.27032562641315
V,Information Technology,Data Processing & Outsourced Services,"Visa, Inc.",176.15,0.005980520590078,344556.573932,32.1,0.191336989995809,1.16107939610576
VAR,Health Care,Health Care Equipment,"Varian Medical Systems, Inc.",114.37,N/A,10097.47242,35.21,N/A,1.08253716115545
VFC,Consumer Discretionary,"Apparel, Accessories & Luxury Goods",VF Corp.,55.72,0.034818690239942,21879.3296,17.11,0.592770048220154,1.23047271751602
VIAC,Communication Services,Movies & Entertainment,"ViacomCBS, Inc.",16.095,0.047387606318347,10122.646516,2.75,0.133255885468275,1.36623804006749
VLO,Energy,Oil & Gas Refining & Marketing,Valero Energy Corp.,63.66,0.062627637848876,23956.39324,64.41,3.72318899231081,1.44806232666146
VMC,Materials,Construction Materials,Vulcan Materials Co.,111.73,0.01120346946151,14671.1874,23.94,0.265683921837504,0.858135378587422
VNO,Real Estate,Office REITs,Vornado Realty Trust,39.92,0.062857142857142,8026.368,2.46,0.162607635167597,1.20390008471155
VRSK,Industrials,Research & Consulting Services,"Verisk Analytics, Inc.",154.295,0.006516780710329,25024.0122,56.14,0.363490967249464,0.963593678520453
VRSN,Information Technology,Internet Services & Infrastructure,"VeriSign, Inc.",208.69,N/A,23687.80578,31.27,N/A,1.0604172099416
VRTX,Health Care,Biotechnology,"Vertex Pharmaceuticals, Inc.",264.91,N/A,66062.9428,45.26,N/A,0.892087981772122
VTR,Real Estate,Health Care REITs,"Ventas, Inc.",30.11,0.104516979887899,11315.03112,25.22,2.65471903525668,1.42448350556004
VZ,Communication Services,Integrated Telecommunication Services,"Verizon Communications, Inc.",56.24,0.043067042055252,235162.54,12.66,0.550816941981366,0.539652604497255
WAB,Industrials,Construction Machinery & Heavy Trucks,Westinghouse Air Brake Technologies Corp.,52.65,0.008821907737548,10339.09702,30.37,0.276864509430697,1.11967314890812
WAT,Health Care,Health Care Distributors,Waters Corp.,180.43,N/A,11024.701296,22.04,N/A,0.910806511547489
WBA,Consumer Staples,Drug Retail,"Walgreens Boots Alliance, Inc.",42.395,0.043506961113778,36544.9852,10.88,0.46474358974359,0.803374922302549
WDC,Information Technology,"Technology Hardware, Storage & Peripherals",Western Digital Corp.,39.78,0.049407114624505,12100.76736,-19.72,-0.993986382386561,1.57123461883384
WEC,Utilities,Electric Utilities,"WEC Energy Group, Inc.",88.96,0.026678724847388,27903.3801,24.74,0.656248262054391,0.811924449984852
WELL,Real Estate,Health Care REITs,"Welltower, Inc.",48.32,0.073526304669342,19431.61548,40.11,2.88844621513944,1.26967550172855
WFC,Financials,Diversified Banks,Wells Fargo & Co.,27.35,0.071765132294309,112826.546,9.59,0.694371383482378,1.35631245676478
WHR,Consumer Discretionary,Household Appliances,Whirlpool Corp.,106.02,0.042784561903913,6974.078189,7.77,0.351668962283504,1.45326024575577
WLTW,Financials,Insurance Brokers,Willis Towers Watson Plc,183.63,0.01434493291153,23602.45824,22.38,0.320665227940549,0.917911979752265
WM,Industrials,Environmental & Facilities Services,"Waste Management, Inc.",99.56,0.02087363812239,41604.40767,25.27,0.520423446980275,0.774269066856446
WMB,Energy,Oil & Gas Storage & Transportation,"The Williams Cos., Inc.",19.13,0.081940700808625,22503.376,27.37,2.17484618686507,1.21676041117397
WMT,Consumer Staples,Hypermarkets & Super Centers,"Walmart, Inc.",123.7,0.017246989912137,348318.404,23.69,0.40597472232861,0.565010774963393
WRB,Financials,Property & Casualty Insurance,W.R. Berkley Corp.,51.38,0.008551992225461,9609.6252,19.73,0.168957837339682,1.12459186768837
WRK,Materials,Paper Packaging,WestRock Co.,30.31,0.059338521400778,7970.78304,9.05,0.546529685820093,1.43263440564963
WU,Information Technology,Data Processing & Outsourced Services,The Western Union Co.,18.85,0.043196544276457,7609.33092,7.64,0.324293647898172,0.849451305535802
WY,Real Estate,Specialized REITs,Weyerhaeuser Co.,17.78,0.075681691708402,13409.32182,36.54,2.79490341142622,1.68731557192839
WYNN,Consumer Discretionary,Casinos & Gaming,Wynn Resorts Ltd.,80.45,0.046393665718173,8718.97044,70.21,3.27282248210857,1.57888884430135
XEL,Utilities,Multi-Utilities,"Xcel Energy, Inc.",62.405,0.026053393374075,32646.30322,23.62,0.613264688067838,0.87316765407903
XLNX,Information Technology,Semiconductors,"Xilinx, Inc.",83.23,0.017833473912519,20650.98263,26.38,0.468977755244312,1.02879989623765
XOM,Energy,Integrated Oil & Gas,Exxon Mobil Corp.,44.88,0.080667593880389,182500.7502,16.84,1.30576713819369,1.05606713977972
XRAY,Health Care,Health Care Supplies,"Dentsply Sirona, Inc.",39.535,0.009307520476545,8824.55754,33.48,0.317071108480595,0.862966932965868
XRX,Information Technology,"Technology Hardware, Storage & Peripherals",Xerox Holdings Corp.,16.82,0.05871990604815,3624.51193,6.43,0.382248385000573,1.27853661506587
XYL,Industrials,Industrial Machinery,"Xylem, Inc.",68.55,0.013854813104344,12466.37964,30.8,0.431266846361186,1.13706085110392
YUM,Consumer Discretionary,Restaurants,"Yum! Brands, Inc.",83.09,0.020641928170862,25218.429,22.71,0.472845546232268,0.917429605578632
ZBH,Health Care,Health Care Equipment,"Zimmer Biomet Holdings, Inc.",114.07,0.008258064516129,24026.7825,20.68,0.174070716228468,0.917518890902791
ZBRA,Information Technology,Electronic Equipment & Instruments,Zebra Technologies Corp.,228.55,N/A,11974.81038,23.84,N/A,1.18032514226278
ZION,Financials,Regional Banks,Zions Bancorporation NA,30.685,0.042718446601941,5063.0268,9.15,0.393935776530978,0.968023861779788
ZTS,Health Care,Pharmaceuticals,"Zoetis, Inc.",127.44,0.005426174233513,60565.2723,40.62,0.220543710361092,0.959605777045662